player_id,talent_total_p96,talent_posterior_sd,weight_prior_league,weight_prior_season,weight_live_season,prior_season_rate,live_season_rate,prior_season_minutes,live_season_minutes,league_prior_rate,prior_source,talent_total_p96_low,talent_total_p96_high,slug,player_name,nationality,birth_date,current_team_name,current_team_abbreviation,sample_status,live_minutes,evidence_minutes,talent_percentile,talent_percentile_low,talent_percentile_high,talent_rank,in_live_season
Vj58BnDLQ8,0.19889878406289357,0.07946114777711144,0.6190882230732688,0.09785771529053042,0.28305406163620067,0.42991304347826087,0.44233711151736743,1012.0,2735.0,0.05108021546608236,prior_season_available,0.06819682708442726,0.3296007410413599,matt-turner,Matt Turner,USA,1994-06-24,New England Revolution,NER,qualified,2735.0,3747.0,98.85564025507585,61.89559969703633,100.0,1.0,True
jYQJagNWqG,0.16918106063956126,0.07908827004534945,0.6132916145055756,0.0,0.3867083854944244,,0.3564804850322092,0.0,2639.0,0.05108021546608236,no_prior_season,0.039092432949915296,0.2992696883292072,brian-schwake,Brian Schwake,USA,2001-08-24,Nashville SC,NSH,qualified,2639.0,2639.0,96.90531163722544,31.36590192772851,100.0,2.0,True
p6qbeEd350,0.13401939258874168,0.07314732433157302,0.5246138644111432,0.29119141280793664,0.18419472278092006,0.13199012345679012,0.3734505082095387,3645.0,2558.0,0.05108021546608236,prior_season_available,0.013702750993123375,0.25433603418436,brad-stuver,Brad Stuver,USA,1991-04-16,Austin FC,ATX,qualified,2558.0,6203.0,94.20490361357473,24.13997410149283,100.0,3.0,True
315VXNkGQ9,0.1237117988910268,0.08146481271367834,0.6507032883452087,0.3492967116547912,0.0,0.2590168521462639,,3145.0,0.0,0.05108021546608236,prior_season_available,-0.010285893621904837,0.25770949140395844,carlos-coronel,Carlos Coronel,Brazil,1996-12-29,New York Red Bulls,NYRB,qualified,0.0,3145.0,92.3104644628503,15.486574311612793,100.0,4.0,False
7vQ7rKGYqD,0.11138084301075235,0.08069669420952397,0.638490386305692,0.08035948716814904,0.2811501265261591,-0.061175568862275445,0.29764401987008027,835.0,2617.0,0.05108021546608236,prior_season_available,-0.02135340699608873,0.24411509301759343,andrew-thomas,Andrew Thomas,USA,1998-09-01,Seattle Sounders FC,SEA,qualified,2617.0,3452.0,91.25619976056097,11.645166019203987,100.0,5.0,True
9z5kGga5A3,0.107245011205644,0.0727512121747603,0.5189474024013494,0.2560991968592055,0.22495340073944495,0.25681072112316533,0.06653843241196518,3134.0,2641.0,0.05108021546608236,prior_season_available,-0.012420083872881363,0.22691010628416936,sean-johnson,Sean Johnson,USA,1989-05-31,D.C. United,DCU,qualified,2641.0,5775.0,88.43821007109874,15.25263260768648,100.0,6.0,True
ljqE2keVQx,0.10305905218538111,0.0837204964526687,0.6872368912445797,0.07138136169602331,0.241381747059397,-0.20492673267326736,0.3421252598282874,303.0,2213.0,0.05108021546608236,prior_season_available,-0.03464890990278399,0.24076701427354621,jt-marcinkowski,JT Marcinkowski,USA,1997-05-09,LA Galaxy,LAG,qualified,2213.0,2516.0,85.90608126267438,4.358156808131154,100.0,7.0,True
Vj58B64EQ8,0.10287717342364143,0.09243418266973927,0.8377377489781535,0.1521722910927115,0.010089959929135129,0.3965482233502538,-0.02559999999999999,788.0,108.0,0.05108021546608236,prior_season_available,-0.049163527026949747,0.2549178738742326,pablo-sisniega,Pablo Sisniega,Mexico,1995-07-07,San Diego FC,SD,limited,108.0,896.0,84.86403283735248,2.6686457035353905,100.0,8.0,True
0x5g2mYrM7,0.0949987410600605,0.0842408109034464,0.6958056518333859,0.09905383551736908,0.205140512649245,0.6792069297401346,-0.03812612612612612,1039.0,1332.0,0.05108021546608236,prior_season_available,-0.04356506213867574,0.23356254425879674,michael-collodi,Michael Collodi,USA,2001-05-25,FC Dallas,FCD,provisional,1332.0,2371.0,83.86626841603753,4.358156808131154,100.0,9.0,True
gOMnRzymMw,0.09380042281179277,0.07667746921010266,0.576472261863763,0.19926757664680367,0.22426016148943345,0.14854153846153845,0.15497439596105303,2340.0,2773.0,0.05108021546608236,prior_season_available,-0.03232279038452218,0.21992363600810771,james-pantemis,James Pantemis,Canada,1997-02-21,Portland Timbers FC,POR,qualified,2773.0,5113.0,81.58060299543112,5.982310830951159,100.0,10.0,True
NPqxeGOZQ9,0.09149305816340307,0.07519442262894911,0.5543883975773871,0.2346953360715554,0.21091626635105756,-0.02058353938537619,0.32242956521739125,2831.0,1840.0,0.05108021546608236,prior_season_available,-0.032190760487659315,0.21517687681446546,daniel,Daniel,Brazil,1994-05-06,FC Dallas,FCD,qualified,1840.0,4671.0,78.59250164919739,5.982310830951159,100.0,11.0,True
0x5g2Z8ZM7,0.08981986693330804,0.07264378130729783,0.517415886855742,0.2705224564426932,0.2120616567015648,0.18102972972972972,0.06798751361161524,3552.0,2755.0,0.05108021546608236,prior_season_available,-0.029668520093420428,0.2093082539600365,kristijan-kahlina,Kristijan Kahlina,Croatia,1992-07-24,Charlotte FC,CLT,qualified,2755.0,6307.0,75.23974443548585,6.447140169561924,100.0,12.0,True
Oa5wV6LWM1,0.08569052458588008,0.09646185110228966,0.9123344162336069,0.07265537021985269,0.01501021354654041,0.721570909090909,-0.888576,330.0,100.0,0.05108021546608236,prior_season_available,-0.07297510088682815,0.24435615005858832,tomas-romero,Tomás Romero,El Salvador,2000-12-19,New York City FC,NYC,limited,100.0,430.0,73.18221798724622,2.6686457035353905,100.0,13.0,True
4wM4J01Nqj,0.0804635681401177,0.08414405447655993,0.6942082074355783,0.22286140781457403,0.08293038474984753,0.1415728542914172,0.16221000000000002,1503.0,640.0,0.05108021546608236,prior_season_available,-0.05794108489909934,0.21886822117933474,rocco-rios-novo,Rocco Rios Novo,Argentina,2002-06-04,Inter Miami CF,MIA,provisional,640.0,2143.0,72.39640597131618,2.6686457035353905,100.0,14.0,True
EGMP1vPx5a,0.08024314707379604,0.09812284789437899,0.9440242787625001,0.055975721237499984,0.0,0.5720727272727272,,330.0,0.0,0.05108021546608236,prior_season_available,-0.08115457499371578,0.24164086914130786,blake-gillingham,Blake Gillingham,USA,2002-10-11,Houston Dynamo FC,HOU,limited,0.0,330.0,71.74191893278604,0.0,100.0,15.0,False
KXMekmrPq6,0.07645631414566074,0.09906958499721356,0.9623289746261912,0.0,0.03767102537380889,,0.724704,0.0,100.0,0.05108021546608236,no_prior_season,-0.0864986518774971,0.23941128016881857,josh-cohen,Josh Cohen,USA,1992-08-18,Chicago Fire FC,CHI,limited,100.0,100.0,71.71137824036747,0.0,100.0,16.0,True
7VqG07YAQv,0.07611891486143821,0.06356574668114111,0.39617692818724337,0.32659704268984,0.2772260291229166,0.004889663760896635,0.19581553166069293,4015.0,2511.0,0.05108021546608236,prior_season_available,-0.02843743400136714,0.18067526372424356,yohei-takaoka,Yohei Takaoka,Japan,1996-03-16,Vancouver Whitecaps FC,VAN,qualified,2511.0,6526.0,69.68775196071245,6.447140169561924,97.71128051015172,17.0,True
2lqRjZp2qr,0.07526400399242482,0.09663066204178453,0.9155304318783014,0.08446956812169856,0.0,0.3373820051413881,,389.0,0.0,0.05108021546608236,prior_season_available,-0.08367929076607376,0.2342072987509234,jacob-jackson,Jacob Jackson,USA,2000-04-25,FC Dallas,FCD,provisional,0.0,389.0,67.69466637347603,0.0,100.0,18.0,False
odMXRoXoqY,0.07499875303960946,0.06950592370764153,0.47368159808179655,0.3041894884494296,0.2221289134687738,0.08911159299416181,0.10667762557077624,3597.0,2628.0,0.05108021546608236,prior_season_available,-0.039328317539171015,0.18932582361838993,matt-freese,Matt Freese,USA,1998-09-02,New York City FC,NYC,qualified,2628.0,6225.0,65.79350827041951,4.358156808131154,97.71128051015172,19.0,True
ljqEjOpzQx,0.07277741675523992,0.08237860366080199,0.6653830404209768,0.21837692840141845,0.11624003117760459,0.31723224699828473,-0.26227363927427966,2332.0,937.0,0.05108021546608236,prior_season_available,-0.06272332810968244,0.20827816162016227,zack-steffen,Zack Steffen,USA,1995-04-02,Colorado Rapids,COL,provisional,937.0,3269.0,62.89397493219966,2.6686457035353905,100.0,20.0,True
gOMnlA96qw,0.06665674085903175,0.07190949938842939,0.5070086925895136,0.23665645246539044,0.25633485494509584,0.11449576525508502,0.05329929078014185,2999.0,2538.0,0.05108021546608236,prior_season_available,-0.051623859891575835,0.18493734160963934,chris-brady,Chris Brady,USA,2004-03-03,Chicago Fire FC,CHI,qualified,2538.0,5537.0,60.20456155781964,2.6686457035353905,97.71128051015172,21.0,True
EGMP4WVMaY,0.0663568062003589,0.06656384402490395,0.43442985486996677,0.3474875959711365,0.2180825491588968,-0.0024264631043256994,0.20638607542478243,3537.0,2413.0,0.05108021546608236,prior_season_available,-0.04313097394683847,0.1758445863475563,hugo-lloris,Hugo Lloris,France,1986-12-26,Los Angeles FC,LAFC,qualified,2413.0,5950.0,56.69635221969752,4.358156808131154,97.71128051015172,22.0,True
xW5pxyxB5g,0.06623500086274439,0.09951774496161989,0.9710552209549709,0.02894477904502914,0.0,0.5746560000000001,,200.0,0.0,0.05108021546608236,prior_season_available,-0.09745712270250698,0.22992712442799576,david-bingham,David Bingham,USA,1989-10-19,Charlotte FC,CLT,limited,0.0,200.0,54.8791810207921,0.0,100.0,23.0,False
BLMv64wlMx,0.05767410716446266,0.08944624546402656,0.7844533209113862,0.021867578336539153,0.19367910075207473,1.5966,-0.08937315898141776,16.0,1453.0,0.05108021546608236,prior_season_available,-0.08945187394164009,0.20480008827056542,duran-michael-ferree,Duran Michael Ferree,USA,2006-09-28,San Diego FC,SD,qualified,1453.0,1469.0,54.430538249163185,0.0,100.0,24.0,True
N6MmeEN0ME,0.05521684928810432,0.08228441095829249,0.6638622961315833,0.11565792277095638,0.22047978109746033,0.33571286141575274,-0.07946865671641792,1003.0,1608.0,0.05108021546608236,prior_season_available,-0.08012896236863414,0.19056266094484275,nico-hansen,Nico Hansen,Denmark,2001-07-10,Colorado Rapids,COL,qualified,1608.0,2611.0,53.18447799848518,2.6686457035353905,97.71128051015172,25.0,True
KAqBjB97qb,0.053950895407508755,0.08477931535848647,0.7047298785941813,0.0,0.29527012140581865,,0.06080243161094225,0.0,2632.0,0.05108021546608236,no_prior_season,-0.08549866879625082,0.1934004596112683,ethan-horvath,Ethan Horvath,USA,1995-06-09,New York Red Bulls,NYRB,qualified,2632.0,2632.0,51.58322949497911,0.0,97.71128051015172,26.0,True
Vj58WrY3M8,0.053745035275713754,0.09976175223223177,0.9758229137112432,0.0,0.024177086288756793,,0.16130109890109878,0.0,182.0,0.05108021546608236,no_prior_season,-0.11034844453316256,0.21783851508459007,cabral-carter,Cabral Carter,USA,2004-07-05,Los Angeles FC,LAFC,limited,182.0,182.0,50.72381441032031,0.0,100.0,27.0,True
kRQa2L2LMK,0.05364033433416456,0.09650889783946857,0.9132245676071523,0.06077487697430607,0.026000555418541658,0.4578607407407408,-0.8012830188679247,405.0,212.0,0.05108021546608236,prior_season_available,-0.10510267613474311,0.21238334480307225,evan-louro,Evan Louro,USA,1996-01-19,FC Cincinnati,CIN,limited,212.0,617.0,50.47979427789587,0.0,100.0,28.0,True
4JMAaogDMK,0.052032709266296925,0.09916280625793053,0.9641408672895873,0.028700374066230678,0.007158758644182106,-0.2045647058823529,1.2090461538461537,136.0,52.0,0.05108021546608236,prior_season_available,-0.11107559208549074,0.2151410106180846,jimmy-maurer,Jimmy Maurer,USA,1988-10-14,Houston Dynamo FC,HOU,limited,52.0,188.0,50.23394170392631,0.0,100.0,29.0,True
kRQa22wjMK,0.050742896961329,0.08161851220045814,0.6531609655940919,0.3468390344059082,0.0,0.050107664884135476,,3366.0,0.0,0.05108021546608236,prior_season_available,-0.0835076087096136,0.1849934026322716,pedro-gallese,Pedro Gallese,Peru,1990-02-23,Orlando City SC,ORL,qualified,0.0,3366.0,50.17652520217938,0.0,97.71128051015172,30.0,False
jYQJz0RGQG,0.0506948530870754,0.07551345078492472,0.5591025956931172,0.3286109390564747,0.11228646525040822,0.06429418386491557,0.008977038269550736,3198.0,1202.0,0.05108021546608236,prior_season_available,-0.07351372018286319,0.174903426357014,cj-dos-santos,CJ dos Santos,USA,2000-08-24,San Diego FC,SD,provisional,1202.0,4400.0,48.83273473576193,2.6686457035353905,97.71128051015172,31.0,True
vzqo721jqa,0.05048771572522757,0.09957812974951537,0.9722340007448368,0.0,0.02776599925516325,,0.029741176470588243,0.0,102.0,0.05108021546608236,no_prior_season,-0.11330373197729662,0.21427916342775175,mason-stajduhar,Mason Stajduhar,USA,1997-12-02,Real Salt Lake,RSL,limited,102.0,102.0,47.45779276307752,0.0,100.0,32.0,True
gpMOaPn1qz,0.05017194570177198,0.09946056605028408,0.9699396826255328,0.030060317374467342,0.0,0.020865306122448978,,294.0,0.0,0.05108021546608236,prior_season_available,-0.1134261269238875,0.21377001832743148,nicholas-hagen,Nicholas Hagen,Guatemala,1996-08-02,Columbus Crew,CLB,limited,0.0,294.0,47.426641256810576,0.0,100.0,33.0,False
p6qb4pwM0G,0.05003020075629153,0.06912972174119164,0.4685678557099629,0.29474319776913854,0.23668894652089856,0.10147609427609428,-0.016112855517633674,3564.0,2637.0,0.05108021546608236,prior_season_available,-0.06367807265419143,0.16373847416677448,rafael-cabral,Rafael Cabral,Brazil,1990-05-20,Real Salt Lake,RSL,qualified,2637.0,6201.0,45.53281291993452,2.6686457035353905,96.09934276429915,34.0,True
raMyAW6BMd,0.04990435473878265,0.0921986791011493,0.8334744148744507,0.03103033756477851,0.13549524756077067,-0.455378073089701,0.15838811881188117,301.0,808.0,0.05108021546608236,prior_season_available,-0.10174897681328138,0.2015576862908467,sebastian-breza,Sebastian Breza,Canada,1998-03-15,CF Montréal,MTL,provisional,808.0,1109.0,43.30028830413643,0.0,100.0,35.0,True
a35rymlLML,0.04803500076103526,0.08266204941624787,0.6699697766530265,0.019735724253014352,0.3102944990939591,-0.06284444444444445,0.048512238805970144,216.0,2680.0,0.05108021546608236,prior_season_available,-0.08793197088226101,0.18400197240433153,drake-callender,Drake Callender,USA,1997-10-07,Minnesota United FC,MIN,qualified,2680.0,2896.0,42.07713357277236,0.0,97.71128051015172,36.0,True
gOMn6lylMw,0.047663509589905964,0.0769400422193118,0.5804271452407926,0.4038896808125031,0.01568317394670437,-0.00447116303770579,1.2638400000000003,3766.0,100.0,0.05108021546608236,prior_season_available,-0.07889159777246892,0.17421861695228086,joe-willis,Joe Willis,USA,1988-08-10,Nashville SC,NSH,limited,100.0,3866.0,40.01197195142808,2.6686457035353905,97.71128051015172,37.0,True
7VqGmob3Mv,0.04449208263792943,0.06878563675409373,0.4639149823583752,0.2506833482740729,0.2854016693675519,0.1955488151658768,-0.09889790209790209,2321.0,2574.0,0.05108021546608236,prior_season_available,-0.06865022133417145,0.1576343866100303,andre-blake,Andre Blake,Jamaica,1990-11-21,Philadelphia Union,PHI,qualified,2574.0,4895.0,37.33630188863642,2.6686457035353905,96.09934276429915,38.0,True
gOMn2jBXMw,0.04443214824756066,0.09912974579371447,0.963498093403724,0.030842165163709592,0.005659741432566328,0.05523850267379679,-1.1462037735849058,187.0,53.0,0.05108021546608236,prior_season_available,-0.11862177347981263,0.20748606997493396,alec-smir,Alec Smir,USA,1999-04-13,Minnesota United FC,MIN,limited,53.0,240.0,35.76803733294241,0.0,100.0,39.0,True
kRQa2LebMK,0.04425572247448301,0.07206494291892727,0.5092030174889008,0.2851148528553233,0.20568212965577584,0.2972452785923754,-0.32333154734411085,3410.0,2165.0,0.05108021546608236,prior_season_available,-0.07428056013076761,0.16279200507973363,dayne-st-clair,Dayne St. Clair,Canada,1997-05-09,Inter Miami CF,MIA,qualified,2165.0,5575.0,33.99209606880208,2.6686457035353905,96.09934276429915,40.0,True
7VqG3Onxqv,0.042773349644878535,0.09766838639197888,0.9352999259778019,0.06470007402219811,0.0,-0.07731014492753624,,207.0,0.0,0.05108021546608236,prior_season_available,-0.11787684977292676,0.2034235490626838,aj-marcucci,AJ Marcucci,USA,1999-07-31,New York Red Bulls,NYRB,limited,0.0,207.0,32.289452466466315,0.0,100.0,41.0,False
gjMNvV70MK,0.040979650919737605,0.0916408704218414,0.8234197618245672,0.12112117433699568,0.05545906383843698,-0.007797379912663755,-0.0024591133004926167,916.0,203.0,0.05108021546608236,prior_season_available,-0.10975616700403579,0.19171546884351098,ben-lundt,Ben Lundt,Germany,1995-09-24,St. Louis City SC,STL,limited,203.0,1119.0,31.947702118302423,0.0,97.71128051015172,42.0,True
p6qborPBQ0,0.04094870593965246,0.09608581515606043,0.9052351985028827,0.043627420947751384,0.05113738054936591,-0.03750588235294118,-0.07146666666666668,204.0,189.0,0.05108021546608236,prior_season_available,-0.11709839544372005,0.198995807323025,javier-otero,Javier Otero,Spain,2002-11-18,Orlando City SC,ORL,limited,189.0,393.0,31.48592684893352,0.0,100.0,43.0,True
jYQJz3rWQG,0.039073838857058264,0.09810685890446004,0.943716648781779,0.05628335121822101,0.0,-0.16224000000000002,,330.0,0.0,0.05108021546608236,prior_season_available,-0.12229758366242316,0.20044526137653967,andrew-tarbell,Andrew Tarbell,USA,1993-10-07,Houston Dynamo FC,HOU,limited,0.0,330.0,31.36590192772851,0.0,100.0,44.0,False
4wM4an045j,0.03863357023271354,0.09713905409857468,0.9251893288612592,0.0748106711387408,0.0,-0.11529504950495051,,101.0,0.0,0.05108021546608236,prior_season_available,-0.12114595504338552,0.19841309550881261,david-ochoa,David Ochoa,USA,2001-01-16,Los Angeles FC,LAFC,limited,0.0,101.0,31.36590192772851,0.0,97.71128051015172,45.0,False
9YqdoDvL5v,0.037280590289583075,0.09541979223772551,0.8927293390564145,0.10727066094358562,0.0,-0.07756283618581906,,818.0,0.0,0.05108021546608236,prior_season_available,-0.11967100088214411,0.19423218146131027,jayden-hibbert,Jayden Hibbert,Jamaica,2004-08-05,Atlanta United FC,ATL,provisional,0.0,818.0,31.36590192772851,0.0,97.71128051015172,46.0,False
kRQaonbo5K,0.037134680249690646,0.0699774900848462,0.4801308341601157,0.2655119466854215,0.2543572191544627,0.059074831858407076,-0.012091576673866091,2825.0,2778.0,0.05108021546608236,prior_season_available,-0.0779680479941261,0.1522374084935074,patrick-schulte,Patrick Schulte,USA,2001-03-13,Columbus Crew,CLB,qualified,2778.0,5603.0,29.654706931515552,2.6686457035353905,96.09934276429915,47.0,True
jYQJaDwkqG,0.034444372408106945,0.09957203200736894,0.9721149334206881,0.0,0.027885066579312,,-0.5455058823529412,0.0,204.0,0.05108021546608236,no_prior_season,-0.12933704540114258,0.19822579021735645,damian-las,Damian Las,USA,2002-04-11,Austin FC,ATX,limited,204.0,204.0,27.881208922768696,0.0,97.71128051015172,48.0,True
BLMv7wr75x,0.03356080288474008,0.09894634876335293,0.9599363121956946,0.04006368780430538,0.0,-0.38620884955752205,,226.0,0.0,0.05108021546608236,prior_season_available,-0.12919145757240427,0.19631306334188445,wessel-speel,Wessel Speel,Netherlands,2001-10-17,Minnesota United FC,MIN,limited,0.0,226.0,27.818905910234797,0.0,97.71128051015172,49.0,False
zeQZJYDZQK,0.03127997722597052,0.08083320523267708,0.6406524252824707,0.0,0.3593475747175293,,-0.004020304568527918,0.0,2758.0,0.05108021546608236,no_prior_season,-0.10167881343217465,0.16423876788411568,lucas-hoyos,Lucas Hoyos,Argentina,1989-04-29,Atlanta United FC,ATL,qualified,2758.0,2758.0,26.9765936133304,0.0,96.09934276429915,50.0,True
odMX7wpAQY,0.030756911035722544,0.0986817619361583,0.9548093535790022,0.04519064642099786,0.0,-0.3986434782608695,,276.0,0.0,0.05108021546608236,prior_season_available,-0.13156014281954811,0.19307396489099318,jordan-farr,Jordan Farr,USA,1994-10-05,D.C. United,DCU,limited,0.0,276.0,26.134281316426005,0.0,97.71128051015172,51.0,False
kRQaoRPO5K,0.02764512134109145,0.09863628987104069,0.9539296135126499,0.0,0.04607038648735003,,-0.4576,0.0,135.0,0.05108021546608236,no_prior_season,-0.13459713762302816,0.18988738030521107,isaac-boehmer,Isaac Boehmer,USA,2001-11-20,Vancouver Whitecaps FC,VAN,limited,135.0,135.0,26.093051381660924,0.0,97.71128051015172,52.0,True
XVqKneW501,0.024664742451010035,0.08091099382379222,0.6418860625878994,0.3581139374121006,0.0,-0.022682546201232032,,2922.0,0.0,0.05108021546608236,prior_season_available,-0.1084219990532249,0.15775148395524496,stefan-frei,Stefan Frei,USA,1986-04-20,Seattle Sounders FC,SEA,qualified,0.0,2922.0,26.051821446895847,0.0,96.09934276429915,53.0,False
odMXEAde5Y,0.0232168651547545,0.0975967202586833,0.9339278394800965,0.014255877553482994,0.05181628296642059,0.8214999999999999,-0.6986138613861386,96.0,202.0,0.05108021546608236,prior_season_available,-0.13731545396390024,0.18374918427340922,adam-beaudry,Adam Beaudry,USA,2006-04-18,Colorado Rapids,COL,limited,202.0,298.0,25.96081018348848,0.0,97.71128051015172,54.0,True
aDQ0N1Kv5E,0.021873317206962943,0.0951891954238678,0.8884197133625137,0.11158028663748627,0.0,-0.2106765799256506,,807.0,0.0,0.05108021546608236,prior_season_available,-0.1346989759595461,0.178445610373472,kim-joon-hong,Kim Joon-Hong,South Korea,2003-06-03,D.C. United,DCU,provisional,0.0,807.0,25.869798920081116,0.0,97.71128051015172,55.0,False
2vQ1LyOKqr,0.020484831262971778,0.09297470087377377,0.8475639068734359,0.0,0.15243609312656417,,-0.14962936436884516,0.0,1117.0,0.05108021546608236,no_prior_season,-0.1324449425149763,0.17341460504091982,angus-gunn,Angus Gunn,England,1996-01-22,San Jose Earthquakes,SJE,provisional,1117.0,1117.0,25.528659385765597,0.0,97.71128051015172,56.0,True
4JMAaDp2MK,0.02040796927388217,0.0837048668753171,0.6869803180043521,0.3130196819956479,0.0,-0.04690801963993453,,2444.0,0.0,0.05108021546608236,prior_season_available,-0.11727428444731683,0.15809022299508116,aljaz-ivacic,Aljaž Ivačič,Slovenia,1993-12-29,New England Revolution,NER,qualified,0.0,2444.0,25.187519851450073,0.0,96.09934276429915,57.0,False
gjMNRZE3MK,0.017822747685388433,0.09000542949850068,0.7942921893658337,0.0,0.20570781063416635,,-0.1105931195335277,0.0,1715.0,0.05108021546608236,no_prior_season,-0.13022300930693598,0.16586850467771286,stefan-cleveland,Stefan Cleveland,USA,1994-05-25,Sporting Kansas City,SKC,qualified,1715.0,1715.0,24.66374697647145,0.0,96.09934276429915,58.0,True
0x5gZ9mM7O,0.016816865020364172,0.08535839643331655,0.7143900055501516,0.28560999444984825,0.0,-0.06888530083777605,,2626.0,0.0,0.05108021546608236,prior_season_available,-0.12358520278857596,0.1572189328293043,brad-guzan,Brad Guzan,USA,1984-09-09,Atlanta United FC,ATL,qualified,0.0,2626.0,24.13997410149283,0.0,96.09934276429915,59.0,False
KPqjo08PQ6,0.014984288190256871,0.09260880330073465,0.8409059377881939,0.1590940622118061,0.0,-0.17580397350993376,,604.0,0.0,0.05108021546608236,prior_season_available,-0.13734363763825017,0.16731221401876392,evan-bush,Evan Bush,USA,1986-03-06,Columbus Crew,CLB,provisional,0.0,604.0,24.13997410149283,0.0,96.09934276429915,60.0,False
4wM4JxWpqj,0.0127366549612172,0.0819389199755975,0.6582992271130675,0.24196623046022067,0.09973454242671184,-0.12258685121107263,0.08795816050495943,2312.0,1109.0,0.05108021546608236,prior_season_available,-0.1220408746001844,0.1475141845226188,jonathan-sirois,Jonathan Sirois,Canada,2001-06-27,FC Dallas,FCD,provisional,1109.0,3421.0,23.095177013853256,0.0,96.09934276429915,61.0,True
KXMe39a6q6,0.011531675376828804,0.08439644684300458,0.6983790459152648,0.2694880222164837,0.03213293186825143,0.04779376299376299,-1.1521364928909952,1443.0,211.0,0.05108021546608236,prior_season_available,-0.1272881261612908,0.1503514769149484,andrew-rick,Andrew Rick,USA,2006-01-30,Philadelphia Union,PHI,limited,211.0,1654.0,21.5452368736104,0.0,96.09934276429915,62.0,True
BLMva87Qxe,0.009534534465219638,0.07279983010517795,0.5196412349384166,0.2028693197633455,0.2774894452982379,0.055142968445656415,-0.10160987654320988,2567.0,2430.0,0.05108021546608236,prior_season_available,-0.11021052999239969,0.12927959892283897,roman-burki,Roman Bürki,Switzerland,1990-11-14,St. Louis City SC,STL,qualified,2430.0,4997.0,19.51397542085074,0.0,92.3104644628503,63.0,True
0Oq6woOxQ6,0.00872200837108566,0.08611682796728608,0.7271414867885975,0.2728585132114025,0.0,-0.10415850733007553,,2251.0,0.0,0.05108021546608236,prior_season_available,-0.13292756829591995,0.15037158503809128,maarten-paes,Maarten Paes,Netherlands,1998-05-14,FC Dallas,FCD,qualified,0.0,2251.0,17.987857020694374,0.0,96.09934276429915,64.0,False
2lqRkwRnQr,0.008666310670202989,0.08689690767859949,0.7403746125756839,0.2596253874243162,0.0,-0.11228556789069172,,2342.0,0.0,0.05108021546608236,prior_season_available,-0.13426638293784973,0.1515990042782557,luis-barraza,Luis Barraza,USA,1996-11-08,D.C. United,DCU,qualified,0.0,2342.0,17.987857020694374,0.0,96.09934276429915,65.0,False
KPqjonZyQ6,0.00719101598678922,0.08003205461636484,0.6280161432469313,0.15758199767130418,0.2144018590817646,-0.03920801603206413,-0.08726466512702079,1497.0,2598.0,0.05108021546608236,prior_season_available,-0.12444999917583667,0.1388320311494151,maxime-crepeau,Maxime Crépeau,Canada,1994-05-11,Orlando City SC,ORL,qualified,2598.0,4095.0,16.73721566615358,0.0,96.09934276429915,66.0,True
gOMnRnO8Mw,-0.011853062533459665,0.09748393842952992,0.9317706106196093,0.01862933354673898,0.04960005583365156,-1.4609230769230768,-0.6498396475770923,156.0,227.0,0.05108021546608236,prior_season_available,-0.17219987205158224,0.14849374698466292,thomas-hasal,Thomas Hasal,Canada,1999-07-09,Los Angeles FC,LAFC,limited,227.0,383.0,15.369603459649635,0.0,96.09934276429915,67.0,True
gpMO4XD5zy,-0.012981020083397354,0.0866010256134028,0.7353412777446713,0.26465872225532866,0.0,-0.19097202072538855,,2316.0,0.0,0.05108021546608236,prior_season_available,-0.15542703100389926,0.12946499083710455,oscar-ustari,Óscar Ustari,Argentina,1986-07-03,Inter Miami CF,MIA,qualified,0.0,2316.0,15.25263260768648,0.0,92.3104644628503,68.0,False
2vQ1L20Oqr,-0.017115627295923055,0.09256366805176154,0.8400864638619839,0.159913536138016,0.0,-0.37537425742574254,,1212.0,0.0,0.05108021546608236,prior_season_available,-0.16936931224653537,0.13513805765468925,john-mccarthy,John McCarthy,USA,1992-07-04,New York Red Bulls,NYRB,qualified,0.0,1212.0,15.25263260768648,0.0,96.09934276429915,69.0,False
gjMNeXBpQK,-0.019996540544230865,0.07148656437328405,0.5010622976947612,0.3050090670919728,0.19392863521326603,0.034446728971962624,-0.28926865431103943,3424.0,2482.0,0.05108021546608236,prior_season_available,-0.13758147510198065,0.09758839401351893,roman-celentano,Roman Celentano,USA,2000-09-14,FC Cincinnati,CIN,qualified,2482.0,5906.0,13.448899313445233,0.0,84.59038823328203,70.0,True
KAqBgD4Qbg,-0.02208831717612136,0.06894625636503496,0.46608406431206006,0.23622491981522928,0.29769101587271063,-0.2546813056379822,0.0479224384869629,2696.0,2723.0,0.05108021546608236,prior_season_available,-0.13549481689754647,0.09131818254530374,jonathan-bond,Jonathan Bond,England,1993-05-19,Houston Dynamo FC,HOU,qualified,2723.0,5419.0,9.990165897041217,0.0,77.16594590632559,71.0,True
wvq9XwJ35W,-0.023193690271796474,0.0814111734947346,0.6498466798475508,0.05478620495417427,0.295367115198275,-0.5172194174757281,-0.09497167505391803,309.0,2782.0,0.05108021546608236,prior_season_available,-0.15710315412099918,0.11071577357740624,luka-gavran,Luka Gavran,Canada,2000-05-09,Toronto FC,TOR,qualified,2782.0,3091.0,7.391152972220186,0.0,90.20193505827164,72.0,True
0x5gP9Jjq7,-0.03129026447762652,0.09449950090878366,0.8755922406752462,0.11078523031722938,0.013622529007524304,-0.7476714733542321,0.5002926829268293,638.0,123.0,0.05108021546608236,prior_season_available,-0.1867281111207646,0.12414758216551157,earl-edwards-jr,Earl Edwards Jr.,USA,1992-01-24,San Jose Earthquakes,SJE,limited,123.0,761.0,6.214725500256542,0.0,92.3104644628503,73.0,True
a35ryXm2ML,-0.03339312580273194,0.08329812181813429,0.6803200853210061,0.21986194253098293,0.09981797214801104,-0.13615453194650817,-0.38278499999999993,2019.0,640.0,0.05108021546608236,prior_season_available,-0.17040634344211858,0.10362009183665472,novak-micovic,Novak Mićović,Serbia,2001-10-25,LA Galaxy,LAG,provisional,640.0,2659.0,5.170233819541157,0.0,86.67448508392582,74.0,True
4JMAk3z9qK,-0.04497642413733005,0.08326224795507459,0.679734226872775,0.09569560364779334,0.22457016947943184,0.13793374233128836,-0.4136660174269605,815.0,1951.0,0.05108021546608236,prior_season_available,-0.1819306345230154,0.09197778624835529,thomas-gillier,Thomas Gillier,Chile,2004-05-28,CF Montréal,MTL,qualified,1951.0,2766.0,3.513401255833272,0.0,80.01905739206919,75.0,True
Xj5Y43JyMb,-0.07476909438192716,0.09104829210646365,0.8128052160423084,0.1871947839576917,0.0,-0.6212104712041884,,764.0,0.0,0.05108021546608236,prior_season_available,-0.22453020771547583,0.0749920189516215,jeffrey-gal,Jeffrey Gal,USA,1993-04-06,Chicago Fire FC,CHI,provisional,0.0,764.0,2.6686457035353905,0.0,63.892350167363,76.0,False
gpMOoO8rMz,-0.08069477177048819,0.07923493803443611,0.6155684035528547,0.30136312298699414,0.08306847346015103,-0.2075305555555555,-0.5970506024096386,3456.0,913.0,0.05108021546608236,prior_season_available,-0.21102464683367445,0.04963510329269806,john-pulskamp,John Pulskamp,USA,2001-04-19,Sporting Kansas City,SKC,provisional,913.0,4369.0,1.3343228517676953,0.0,42.961592025214394,77.0,True
